{
    "number": 20,
    "injection_temp": 15.6,
    "injection_rate": {
        "time_unit": "year",
        "values": {
            "0.0": 0.00048,
            "0.49775": 0.00048,
            "0.5005000000000001": 0,
            "0.99825": 0,
            "1.0010000000000001": 0.00048,
            "1.49875": 0.00048,
            "1.5015": 0,
            "1.9992500000000002": 0,
            "2.0020000000000002": 0.00048,
            "2.49975": 0.00048,
            "2.5025": 0,
            "2.9975": 0,
            "3.00025": 0.00048,
            "3.4979999999999998": 0.00048,
            "3.50075": 0,
            "3.9985000000000004": 0,
            "4.00125": 0.00048,
            "4.499": 0.00048,
            "4.50175": 0,
            "4.9995": 0,
            "5.00225": 0.00048,
            "5.5": 0.00048,
            "5.50275": 0,
            "5.99775": 0,
            "6.0005": 0.00048,
            "6.49825": 0.00048,
            "6.5009999999999994": 0,
            "6.998749999999999": 0,
            "7.0015": 0.00048,
            "7.499250000000001": 0.00048,
            "7.502": 0,
            "7.999750000000001": 0,
            "8.0025": 0.00048,
            "8.4975": 0.00048,
            "8.50025": 0,
            "8.998": 0,
            "9.00075": 0.00048,
            "9.4985": 0.00048,
            "9.50125": 0,
            "9.999": 0,
            "10.00175": 0.00048,
            "10.499500000000001": 0.00048,
            "10.50225": 0,
            "10.997250000000001": 0,
            "11.0": 0.00048,
            "11.49775": 0.00048,
            "11.500499999999999": 0,
            "11.99825": 0,
            "12.001": 0.00048,
            "12.49875": 0.00048,
            "12.501499999999998": 0,
            "12.99925": 0,
            "13.001999999999999": 0.00048,
            "13.499749999999999": 0.00048,
            "13.502500000000001": 0,
            "13.997499999999999": 0,
            "14.000250000000001": 0.00048,
            "14.498000000000001": 0.00048,
            "14.50075": 0,
            "14.998500000000002": 0,
            "15.00125": 0.00048,
            "15.499": 0.00048,
            "15.50175": 0,
            "15.999500000000001": 0,
            "16.00225": 0.00048,
            "16.5": 0.00048,
            "16.50275": 0,
            "16.99775": 0,
            "17.0005": 0.00048,
            "17.49825": 0.00048,
            "17.500999999999998": 0,
            "17.99875": 0,
            "18.0015": 0.00048,
            "18.49925": 0.00048,
            "18.502": 0,
            "18.99975": 0,
            "19.0025": 0.00048,
            "19.4975": 0.00048,
            "19.50025": 0,
            "19.998": 0,
            "20.00075": 0.00048,
            "20.4985": 0.00048,
            "20.50125": 0,
            "20.999000000000002": 0,
            "21.00175": 0.00048,
            "21.4995": 0.00048,
            "21.50225": 0,
            "21.99725": 0,
            "22.0": 0.00048,
            "22.497749999999996": 0.00048,
            "22.500500000000002": 0,
            "22.99825": 0,
            "23.000999999999998": 0.00048,
            "23.49875": 0.00048,
            "23.5015": 0,
            "23.99925": 0,
            "24.002": 0.00048,
            "24.499750000000002": 0.00048,
            "24.5025": 0,
            "24.9975": 0,
            "25.000249999999998": 0.00048,
            "25.498": 0.00048,
            "25.50075": 0,
            "25.9985": 0,
            "26.00125": 0.00048,
            "26.499000000000002": 0.00048,
            "26.50175": 0,
            "26.999499999999998": 0,
            "27.002250000000004": 0.00048,
            "27.49725": 0.00048
        }
    }
}