{
  "number": 15,
  "injection_temp": {
    "time_unit": "year",
    "values": {
      "0.00000": 5.6,
      "0.02740": 5.6,
      "0.05479": 5.6,
      "0.08219": 5.6,
      "0.10959": 5.6,
      "0.13699": 5.6,
      "0.16438": 5.6,
      "0.19178": 5.6,
      "0.21918": 5.6,
      "0.24658": 5.6,
      "0.27397": 5.6,
      "0.30137": 5.6,
      "0.32877": 15.6,
      "0.35616": 15.6,
      "0.38356": 15.6,
      "0.41096": 15.6,
      "0.43836": 15.6,
      "0.46575": 15.6,
      "0.49315": 15.6,
      "0.52055": 15.6,
      "0.54795": 15.6,
      "0.57534": 15.6,
      "0.60274": 15.6,
      "0.63014": 15.6,
      "0.65753": 15.6,
      "0.68493": 15.6,
      "0.71233": 15.6,
      "0.73973": 5.6,
      "0.76712": 5.6,
      "0.79452": 5.6,
      "0.82192": 5.6,
      "0.84932": 5.6,
      "0.87671": 5.6,
      "0.90411": 5.6,
      "0.93151": 5.6,
      "0.95890": 5.6,
      "0.98630": 5.6
    }
  },
  "injection_rate": {
    "time_unit": "year",
    "values": {
      "0.00000": 0.002660137290689983,
      "0.02740": 0.0026763179407431467,
      "0.05479": 0.0028852200059901524,
      "0.08219": 0.0026027347840609904,
      "0.10959": 0.0020064776527585998,
      "0.13699": 0.0017271572943118316,
      "0.16438": 0.0013418228657444456,
      "0.19178": 0.001626373559120725,
      "0.21918": 0.0013646149804041735,
      "0.24658": 0.0009359052415033224,
      "0.27397": 0.0010746273905427788,
      "0.30137": 0.0008149939763514221,
      "0.32877": 0.002849991802172668,
      "0.35616": 0.002596490736549203,
      "0.38356": 0.0038078159060917285,
      "0.41096": 0.0020304146282454443,
      "0.43836": 0.004777830864787387,
      "0.46575": 0.003741636783322024,
      "0.49315": 0.003299905619358401,
      "0.52055": 0.004111714875551923,
      "0.54795": 0.003988551510757745,
      "0.57534": 0.0028252603414885506,
      "0.60274": 0.0038179081607746263,
      "0.63014": 0.003295620469181799,
      "0.65753": 0.003118658922313932,
      "0.68493": 0.0017348123221697597,
      "0.71233": 0.0016870468083788268,
      "0.73973": 0.0013937571304190439,
      "0.76712": 0.0007722071484206282,
      "0.79452": 0.0008124005846746304,
      "0.82192": 0.0014793131788796044,
      "0.84932": 0.002151376762829623,
      "0.87671": 0.001962705745565072,
      "0.90411": 0.0023895911674426803,
      "0.93151": 0.002019954706974916,
      "0.95890": 0.001787326248425078,
      "0.98630": 0.0028290754107977182
    }
  }
}