{
  "number": 15,
  "injection_temp": {
    "time_unit": "year",
    "values": {
      "0.00000": 5.6,
      "0.02740": 5.6,
      "0.05479": 5.6,
      "0.08219": 5.6,
      "0.10959": 5.6,
      "0.13699": 5.6,
      "0.16438": 5.6,
      "0.19178": 5.6,
      "0.21918": 5.6,
      "0.24658": 5.6,
      "0.27397": 5.6,
      "0.30137": 5.6,
      "0.32877": 15.6,
      "0.35616": 15.6,
      "0.38356": 15.6,
      "0.41096": 15.6,
      "0.43836": 15.6,
      "0.46575": 15.6,
      "0.49315": 15.6,
      "0.52055": 15.6,
      "0.54795": 15.6,
      "0.57534": 15.6,
      "0.60274": 15.6,
      "0.63014": 15.6,
      "0.65753": 15.6,
      "0.68493": 15.6,
      "0.71233": 15.6,
      "0.73973": 5.6,
      "0.76712": 5.6,
      "0.79452": 5.6,
      "0.82192": 5.6,
      "0.84932": 5.6,
      "0.87671": 5.6,
      "0.90411": 5.6,
      "0.93151": 5.6,
      "0.95890": 5.6,
      "0.98630": 5.6
    }
  },
  "injection_rate": {
    "time_unit": "year",
    "values": {
      "0.00000": 0.0013300686453449914,
      "0.02740": 0.0013381589703715733,
      "0.05479": 0.0014426100029950762,
      "0.08219": 0.0013013673920304952,
      "0.10959": 0.0010032388263792999,
      "0.13699": 0.0008635786471559158,
      "0.16438": 0.0006709114328722228,
      "0.19178": 0.0008131867795603625,
      "0.21918": 0.0006823074902020868,
      "0.24658": 0.0004679526207516612,
      "0.27397": 0.0005373136952713894,
      "0.30137": 0.00040749698817571105,
      "0.32877": 0.001424995901086334,
      "0.35616": 0.0012982453682746015,
      "0.38356": 0.0019039079530458643,
      "0.41096": 0.0010152073141227221,
      "0.43836": 0.0023889154323936935,
      "0.46575": 0.001870818391661012,
      "0.49315": 0.0016499528096792005,
      "0.52055": 0.0020558574377759617,
      "0.54795": 0.0019942757553788725,
      "0.57534": 0.0014126301707442753,
      "0.60274": 0.0019089540803873132,
      "0.63014": 0.0016478102345908994,
      "0.65753": 0.001559329461156966,
      "0.68493": 0.0008674061610848798,
      "0.71233": 0.0008435234041894134,
      "0.73973": 0.0006968785652095219,
      "0.76712": 0.0003861035742103141,
      "0.79452": 0.0004062002923373152,
      "0.82192": 0.0007396565894398022,
      "0.84932": 0.0010756883814148114,
      "0.87671": 0.000981352872782536,
      "0.90411": 0.0011947955837213402,
      "0.93151": 0.001009977353487458,
      "0.95890": 0.000893663124212539,
      "0.98630": 0.0014145377053988591
    }
  }
}