{
    "number": 20,
    "injection_temp": 15.6,
    "injection_rate": {
        "time_unit": "year",
        "values": {
            "0.0": 0.00048,
            "5.49725": 0.00048,
            "5.5": 0,
            "10.997250000000001": 0,
            "11.0": 0.00048,
            "16.494500000000002": 0.00048,
            "16.49725": 0,
            "21.994500000000002": 0,
            "21.99725": 0.00048,
            "27.49175": 0.00048,
            "27.494500000000002": 0,
            "27.49725": 0
        }
    }
}